{"train/loss": 0.0001, "train/learning_rate": 3e-08, "train/epoch": 50.25, "train/global_step": 10000, "_timestamp": 1689035170.7939656, "_runtime": 1377.260357618332, "_step": 31, "eval/loss": 1.2202321290969849, "eval/precision": 0.8344788087056129, "eval/recall": 0.8542591506826367, "eval/f1": 0.8442531352179132, "eval/accuracy": 0.8926664293342826, "eval/runtime": 8.3803, "eval/samples_per_second": 47.134, "eval/steps_per_second": 47.134, "train/train_runtime": 1368.8808, "train/train_samples_per_second": 29.221, "train/train_steps_per_second": 7.305, "train/total_flos": 1.0610876067072e+16, "train/train_loss": 0.046887788400053976, "_wandb": {"runtime": 1376}}