{"train/loss": 0.0001, "train/learning_rate": 3.5e-08, "train/epoch": 30.3, "train/global_step": 10000, "_timestamp": 1689071656.1030242, "_runtime": 3568.4668362140656, "_step": 31, "eval/loss": 0.9450337290763855, "eval/precision": 0.8776713338246132, "eval/recall": 0.8886070282772514, "eval/f1": 0.8831053275497721, "eval/accuracy": 0.9235397390272835, "eval/runtime": 22.3781, "eval/samples_per_second": 27.572, "eval/steps_per_second": 27.572, "train/train_runtime": 3544.7099, "train/train_samples_per_second": 11.284, "train/train_steps_per_second": 2.821, "train/total_flos": 3.732603024024576e+16, "train/train_loss": 0.03375949645638466, "_wandb": {"runtime": 3568}}