{"train/loss": 0.0108, "train/learning_rate": 3.503e-05, "train/epoch": 9.09, "train/global_step": 3000, "_timestamp": 1689067379.4870048, "_runtime": 1002.2026636600494, "_step": 8, "eval/loss": 0.8470116853713989, "eval/precision": 0.847865347106841, "eval/recall": 0.8756994702678504, "eval/f1": 0.8615576598399765, "eval/accuracy": 0.9160142348754449, "eval/runtime": 21.7339, "eval/samples_per_second": 28.389, "eval/steps_per_second": 28.389, "_wandb": {"runtime": 1035}}