{"train/loss": 0.0001, "train/learning_rate": 2.5000000000000002e-08, "train/epoch": 30.3, "train/global_step": 10000, "_timestamp": 1689056018.201932, "_runtime": 1557.8151860237122, "_step": 31, "eval/loss": 0.9118515849113464, "eval/precision": 0.846220552102905, "eval/recall": 0.8736849958964411, "eval/f1": 0.8597334899599868, "eval/accuracy": 0.9107947805456702, "eval/runtime": 13.3387, "eval/samples_per_second": 46.256, "eval/steps_per_second": 46.256, "train/train_runtime": 1544.4472, "train/train_samples_per_second": 25.899, "train/train_steps_per_second": 6.475, "train/total_flos": 1.06002519108096e+16, "train/train_loss": 0.04648120363801718, "_wandb": {"runtime": 1557}}