{"train/loss": 0.0226, "train/learning_rate": 4.002e-05, "train/epoch": 6.06, "train/global_step": 2000, "_timestamp": 1689060215.475492, "_runtime": 717.890214920044, "_step": 5, "eval/loss": 0.788246214389801, "eval/precision": 0.8433726227492949, "eval/recall": 0.8701783182869507, "eval/f1": 0.8565658049353702, "eval/accuracy": 0.9102728351126927, "eval/runtime": 22.4331, "eval/samples_per_second": 27.504, "eval/steps_per_second": 27.504, "_wandb": {"runtime": 746}}