{"train/loss": 0.0001, "train/learning_rate": 2e-08, "train/epoch": 50.25, "train/global_step": 10000, "_timestamp": 1689054140.0475569, "_runtime": 1673.2154037952423, "_step": 31, "eval/loss": 1.1141003370285034, "eval/precision": 0.8596563347858258, "eval/recall": 0.8757852416450289, "eval/f1": 0.8676458385196248, "eval/accuracy": 0.9023038193561511, "eval/runtime": 9.6308, "eval/samples_per_second": 41.014, "eval/steps_per_second": 41.014, "train/train_runtime": 1663.565, "train/train_samples_per_second": 24.045, "train/train_steps_per_second": 6.011, "train/total_flos": 1.0610876067072e+16, "train/train_loss": 0.03789815615527332, "_wandb": {"runtime": 1672}}