{"train/loss": 0.0188, "train/learning_rate": 4.002e-05, "train/epoch": 6.06, "train/global_step": 2000, "_timestamp": 1689058619.5135934, "_runtime": 718.6992373466492, "_step": 5, "eval/loss": 0.7319950461387634, "eval/precision": 0.8241549295774648, "eval/recall": 0.8731627247631127, "eval/f1": 0.8479513096402566, "eval/accuracy": 0.8942538552787663, "eval/runtime": 21.9445, "eval/samples_per_second": 28.116, "eval/steps_per_second": 28.116, "_wandb": {"runtime": 849}}